{
  "students": [
    {
      "id": 1,
      "fullName": "Владислав Егоров",
      "university": "МГУ",
      "course": 3,
      "birthDate": "1998-11-13",
      "photoUrl": "img/ava01.jpg"
    },
    {
      "id": 2,
      "fullName": "Светлана Александрова",
      "university": "УГАТУ",
      "course": 3,
      "birthDate": "1998-04-01",
      "photoUrl": "img/ava02.jpg"
    },
    {
      "id": 3,
      "fullName": "Маша Иванова",
      "university": "СевГУ",
      "course": 2,
      "birthDate": "1998-01-20",
      "photoUrl": "img/ava03.jpg"
    },
    {
      "id": 4,
      "fullName": "Михаил Сергеев",
      "university": "СевГУ",
      "course": 1,
      "birthDate": "1998-11-30",
      "photoUrl": "img/ava04.jpg"
    },
    {
      "id": 5,
      "fullName": "Наталия Ван",
      "university": "КубГУ",
      "course": 3,
      "birthDate": "2000-01-23",
      "photoUrl": "img/ava05.jpg"
    },
    {
      "id": 6,
      "fullName": "Сергей Николаев",
      "university": "УГАТУ",
      "course": 4,
      "birthDate": "1996-05-20",
      "photoUrl": "img/ava06.jpg"
    }
  ],
  "teachers": [
    {
      "id": 1,
      "fullName": "Евгений Васильевич",
      "university": "НГУ",
      "experience": 15,
      "birthDate": "1970-01-06",
      "photoUrl": "img/ava01.jpg"
    },
    {
      "id": 2,
      "fullName": "Анастасия Луц",
      "university": "НГУ",
      "experience": 7,
      "birthDate": "1990-02-02",
      "photoUrl": "img/ava02.jpg"
    },
    {
      "id": 3,
      "fullName": "Инна Александрова",
      "university": "ТюмГУ",
      "experience": 3,
      "birthDate": "1992-10-20",
      "photoUrl": "img/ava03.jpg"
    }
  ]
}